{"accuracy": 0.9619047619047619, "specificity": 0.875, "sensitivity": 0.9775280898876404}