{"accuracy": 0.9142857142857143, "specificity": 0.875, "sensitivity": 0.9213483146067416}